,Time,User,Tweet
0,2022-11-29 11:19:14+00:00,LifeStyleRTE,Snap happy: The return of digital cameras and their aesthetic üì∏ @SarahMagliocco https://t.co/uSeCwODK1G
1,2022-11-29 11:19:05+00:00,BritishVogue,What you might not have noticed though is that Kylie has been building her own impressive collection of archival fa‚Ä¶ https://t.co/QJELMh0yAw
2,2022-11-29 11:18:21+00:00,rte,What happens when you‚Äôre in a coma? Via @RTEBrainstorm https://t.co/auehOXFLbC
3,2022-11-29 11:17:38+00:00,beat102103,#Waterford's North Quays project is moving up a gear üôåhttps://t.co/BAPs9W221u
4,2022-11-29 11:16:17+00:00,beat102103,"üîî| 200 jobs to be created as contract awarded for construction of Waterford's North Quays

More below üëá https://t.co/c5EEhKTLjX"
5,2022-11-29 11:08:31+00:00,TeenVogue,she's on X Games mode with this one https://t.co/ic0LD7hZL0
6,2022-11-29 11:07:59+00:00,beat102103,"The Italian giants could do without this. ‚öΩÔ∏è

https://t.co/afTPCAdf3o

#Juventus 
#SerieA"
7,2022-11-29 11:07:13+00:00,GaryBarlow,#ADifferentStage 2022 https://t.co/8lTNTXkoxN
8,2022-11-29 11:07:05+00:00,BritishVogue,Take EmRata's latest look: a lesson in bringing some much-needed exuberance to the colder months. https://t.co/R4Te2zOlcl
9,2022-11-29 11:04:44+00:00,BritishVogue,"From the major fashion looks to the chameleonic beauty, here is what we can expect from Jodie Turner-Smith‚Äôs turn a‚Ä¶ https://t.co/98t3Naqhix"
10,2022-11-29 10:56:03+00:00,BritishVogue,"Beyonc√© kept things pared-back for date night, wearing a navy blue pleated tennis skirt, strappy heels and a long-s‚Ä¶ https://t.co/vde0OwrPIJ"
11,2022-11-29 10:47:22+00:00,davidguetta,RT @impaulsive: Grammy Award-winning DJ &amp; Producer @davidguetta on tomorrow‚Äôs episode üéßüö® https://t.co/hLZUysmWvW
12,2022-11-29 10:47:02+00:00,BritishVogue,"Even if you‚Äôve never heard of Am√©lie Riech, you will have most likely already come across the designer‚Äôs bold jewel‚Ä¶ https://t.co/hlmTEOvoUi"
13,2022-11-29 10:32:00+00:00,beat102103,"‚ñ∂Ô∏è 'Escapism' from @raye &amp; @070shake is @itsDaveCronin's official Record of the Week!

#NowPlaying on Beat 
üëâ‚Ä¶ https://t.co/K749Itd61P"
14,2022-11-29 10:30:05+00:00,BritishVogue,This week you may feel a little irritable or emotionally sensitive. https://t.co/UKbRWBd434
15,2022-11-29 10:29:00+00:00,rte,"This week behind the scenes at #ToyShowMusical the cast is getting fitted for their costumes! üåü

Ceola, one of our‚Ä¶ https://t.co/5O9PdqNqfw"
16,2022-11-29 10:20:20+00:00,BritishVogue,Lucy Boynton has traded her signature blonde chop last week for a gingered take on the year‚Äôs primary colour trend:‚Ä¶ https://t.co/noOSPHiuYn
17,2022-11-29 10:18:21+00:00,TeenVogue,icon ‚ú® https://t.co/hAPWeK7DA6
18,2022-11-29 10:12:43+00:00,beat102103,"Ballyhale set their sights on Kilmacud Crokes! üèÜ

https://t.co/tBSc7pSAtY

#clubchampionship #LeinsterGAA‚Ä¶ https://t.co/nZzlRzxgmZ"
